Top queries,Clicks,Impressions,CTR,Position
giselle monbiot,39,51,76.47%,1
remembering you,1,1,100%,3
stages of grief,0,798,0%,1
5 stages of grief,0,721,0%,1
five stages of grief,0,147,0%,1
55 year old woman,0,45,0%,1
the stages of grief,0,14,0%,1
trauma breathwork london,0,12,0%,90.5
phases of grief,0,10,0%,1
breathwork classes london,0,10,0%,52.9
the 5 stages of grief,0,7,0%,1
individual breathwork sessions for children and teenagers,0,7,0%,56.14
stages of gried,0,6,0%,1
the five stages of grief,0,6,0%,1
group breathwork,0,6,0%,11.17
5 stages of gried,0,5,0%,1
stages of loss,0,5,0%,1
local guide program,0,4,0%,1
stages of groef,0,4,0%,1
grief works in mysterious ways,0,4,0%,3.5
call giselle,0,4,0%,10.25
breathwork courses london,0,4,0%,29.5
5 stages of greif,0,3,0%,1
55 years old woman,0,3,0%,1
stages if grief,0,3,0%,1
why does grief come in waves,0,3,0%,92.67
5 stages of grieve,0,2,0%,1
5 stages of.grief,0,2,0%,1
hope cartel 9d breathwork near me,0,2,0%,1
stages od grief,0,2,0%,1
stages of gruef,0,2,0%,1
stages of.grief,0,2,0%,1
monbiot.com,0,2,0%,9
group breathwork session,0,2,0%,11
the bedfordshire centre for therapeutic studies,0,2,0%,21
breathwork courses,0,2,0%,46
grief waves,0,2,0%,60.5
37 year old woman,0,1,0%,1
44 year old woman,0,1,0%,1
47 year old woman,0,1,0%,1
5 dtages of grief,0,1,0%,1
5 stages if gried,0,1,0%,1
5 stages of frief,0,1,0%,1
5 stages of giref,0,1,0%,1
5 stages of gref,0,1,0%,1
5 stages of gruef,0,1,0%,1
5 stages pf grief,0,1,0%,1
5 stages.of.grief,0,1,0%,1
5 steps of grieving,0,1,0%,1
9d breathwork near me,0,1,0%,1
beyond the breath,0,1,0%,1
comes in waves,0,1,0%,1
dtages of grief,0,1,0%,1
eldest daughter syndrome,0,1,0%,1
embodiment breathwork,0,1,0%,1
five stages of gried,0,1,0%,1
five stages of gruef,0,1,0%,1
hope cartel 9d breathwork uk,0,1,0%,1
i am a 67 year old woman,0,1,0%,1
midlife women,0,1,0%,1
something pulling my feet in my sleep spiritual meaning,0,1,0%,1
stafes of greif,0,1,0%,1
stages kf grief,0,1,0%,1
stages of giref,0,1,0%,1
stages of greid,0,1,0%,1
stages of greif,0,1,0%,1
stages of grie,0,1,0%,1
stages of grier,0,1,0%,1
stages of gries,0,1,0%,1
stages of gtief,0,1,0%,1
stages of hrief,0,1,0%,1
stages of losing someone,0,1,0%,1
stages pf groef,0,1,0%,1
stages.of grief,0,1,0%,1
stahes of grief,0,1,0%,1
steps of coping,0,1,0%,1
stges of grief,0,1,0%,1
the phases of grief,0,1,0%,1
the stages of loss,0,1,0%,1
untamed events,0,1,0%,2
ocean of grief,0,1,0%,6
somatic breathwork london,0,1,0%,8
breathwork group,0,1,0%,9
group breathwork class,0,1,0%,11
breathwork sessions near me,0,1,0%,12
talking is healing,0,1,0%,18
breathwork sessions,0,1,0%,25
guided breathwork eccles,0,1,0%,33
waves of grief,0,1,0%,50
breathworks near me,0,1,0%,82
does grief come in waves,0,1,0%,84
fortrue,0,1,0%,88